,aqi,pm2.5,pm10,so2,no2,co,o3
1142A_1150A(ShangHai),126.4,42.2,55.2,6.6,56.0,7.2,0.76
1151A_1222A(JiangSu),133.0212765957447,70.93617021276596,97.95744680851064,7.51063829787234,44.38297872340426,53.787234042553195,0.7999999999999997
1223A_1269A(ZheJiang),73.03125,51.4375,71.65625,5.5,42.53125,15.25,0.7124999999999998
